date,open,high,close,low,volume,price_change,p_change,ma5,ma10,ma20,v_ma5,v_ma10,v_ma20
2019-03-27,3.04,3.06,3.02,2.97,281705.19,-0.01,-0.33,3.086,3.095,3.058,391049.23,400163.53,562469.44
2019-03-26,3.14,3.15,3.03,3,415755.75,-0.1,-3.19,3.106,3.103,3.052,411488.34,465430.58,581680.11
2019-03-25,3.05,3.16,3.13,3.03,535038.31,0.02,0.64,3.13,3.13,3.043,412550.11,551386.99,610892.72
2019-03-22,3.14,3.15,3.11,3.07,350500.03,-0.03,-0.95,3.134,3.125,3.026,374117.43,554279.61,612882.49
2019-03-21,3.12,3.17,3.14,3.11,372246.88,0.02,0.64,3.126,3.107,3.004,381890.48,603191.89,606395.66
2019-03-20,3.14,3.17,3.12,3.05,383900.75,-0.03,-0.95,3.104,3.11,2.979,409277.82,654542.38,604697.64
2019-03-19,3.17,3.22,3.15,3.12,421064.59,0,0,3.1,3.106,2.957,519372.81,711200.36,599771.13
2019-03-18,3.1,3.15,3.15,3.06,342874.91,0.08,2.61,3.13,3.084,2.933,690223.86,714851.01,599554.05
2019-03-15,3.04,3.1,3.07,3.03,389365.25,0.04,1.32,3.116,3.057,2.908,734441.79,737177.96,606857.6
2019-03-14,3.1,3.16,3.03,2.96,509183.59,-0.07,-2.26,3.088,3.037,2.882,824493.31,736231.75,605222.19
2019-03-13,3.25,3.28,3.1,3.1,934375.69,-0.2,-6.06,3.116,3.021,2.857,899806.95,724775.36,590115.95
2019-03-12,3.13,3.39,3.3,3.11,1275319.88,0.22,7.14,3.112,3,2.83,903027.91,697929.64,556684.28
2019-03-11,2.94,3.12,3.08,2.94,563964.56,0.15,5.12,3.038,2.955,2.792,739478.15,670398.46,508347.8
2019-03-08,3.09,3.11,2.93,2.92,839622.81,-0.24,-7.57,2.998,2.927,2.763,739914.13,671485.36,491463.61
2019-03-07,3.07,3.22,3.17,3.03,885751.81,0.09,2.92,2.986,2.901,2.738,647970.19,609599.42,457754.04
2019-03-06,2.96,3.17,3.08,2.93,950480.5,0.15,5.12,2.926,2.847,2.697,549743.76,554852.89,421843.81
2019-03-05,2.89,2.93,2.93,2.86,457571.09,0.05,1.74,2.888,2.807,2.663,492831.37,488341.9,381142.93
2019-03-04,2.88,2.94,2.88,2.86,566144.44,0.01,0.35,2.872,2.781,2.635,601318.76,484257.09,371615.2
2019-03-01,2.86,2.88,2.87,2.82,379903.09,0,0,2.856,2.758,2.614,603056.59,476537.24,353979.07
2019-02-28,2.88,2.94,2.87,2.84,394619.69,-0.02,-0.69,2.816,2.727,2.596,571228.66,474212.63,347329.78
2019-02-27,2.83,2.93,2.89,2.82,665918.56,0.04,1.4,2.768,2.693,2.582,559962.02,455456.55,347272.93
2019-02-26,2.83,3,2.85,2.76,1000008,0.05,1.79,2.726,2.659,2.563,483852.42,415438.92,319386.47
2019-02-25,2.7,2.82,2.8,2.68,574833.62,0.13,4.87,2.69,2.628,2.547,367195.42,346297.14,276999.08
2019-02-22,2.62,2.67,2.67,2.61,220763.44,0.04,1.52,2.66,2.599,2.535,350017.88,311441.86,257848.92
2019-02-21,2.67,2.7,2.63,2.62,338286.47,-0.05,-1.87,2.638,2.575,2.532,377196.59,305908.65,260108.81
2019-02-20,2.68,2.7,2.68,2.58,285370.59,0.01,0.38,2.618,2.547,2.528,350951.08,288834.72,255571.28
2019-02-19,2.69,2.75,2.67,2.64,416723,0.02,0.76,2.592,2.518,2.522,347025.41,273943.96,251091.73
2019-02-18,2.58,2.68,2.65,2.56,488945.91,0.09,3.52,2.566,2.489,2.516,325398.86,258973.3,237406.87
2019-02-15,2.54,2.65,2.56,2.53,356656.97,0.03,1.19,2.538,2.47,2.51,272865.83,231420.91,219136.58
2019-02-14,2.55,2.56,2.53,2.52,207058.92,-0.02,-0.78,2.512,2.465,2.509,234620.71,220446.93,210699.86
2019-02-13,2.52,2.56,2.55,2.51,265742.25,0.01,0.39,2.476,2.47,2.51,226718.36,239089.31,210619.34
2019-02-12,2.5,2.55,2.54,2.49,308590.25,0.03,1.2,2.444,2.466,2.509,200862.51,223334.02,210142.3
2019-02-11,2.42,2.52,2.51,2.42,226280.77,0.08,3.29,2.412,2.465,2.508,192547.75,207701.03,203560.07
2019-02-01,2.36,2.44,2.43,2.35,165431.38,0.08,3.4,2.402,2.471,2.511,189975.99,204255.98,196875.24
2019-01-31,2.38,2.42,2.35,2.34,167547.17,-0.04,-1.67,2.418,2.488,2.515,206273.14,214308.97,192782.28
2019-01-30,2.39,2.42,2.39,2.33,136463,0.01,0.42,2.464,2.509,2.52,251460.25,222307.85,186345.13
2019-01-29,2.45,2.48,2.38,2.38,267016.41,-0.08,-3.25,2.488,2.526,2.523,245805.53,228239.5,181645.25
2019-01-28,2.53,2.56,2.46,2.46,213422,-0.05,-1.99,2.518,2.542,2.526,222854.31,215840.45,170710.53
2019-01-25,2.55,2.56,2.51,2.51,246917.14,-0.07,-2.71,2.54,2.549,2.524,218535.97,206852.25,163370.4
2019-01-24,2.52,2.6,2.58,2.51,393482.69,0.07,2.79,2.558,2.553,2.521,222344.8,200952.79,152764.26
2019-01-23,2.52,2.54,2.51,2.51,108189.4,-0.02,-0.79,2.554,2.55,2.514,193155.45,182149.38,139246.42
2019-01-22,2.57,2.58,2.53,2.52,152260.3,-0.04,-1.56,2.564,2.552,2.514,210673.46,196950.58,135471.44
2019-01-21,2.6,2.61,2.57,2.57,191830.31,-0.03,-1.15,2.566,2.551,2.512,208826.59,199419.12,130179.2
2019-01-18,2.55,2.6,2.6,2.54,265961.31,0.04,1.56,2.558,2.551,2.509,195168.52,189494.49,123361.98
2019-01-17,2.56,2.57,2.56,2.51,247535.92,0,0,2.548,2.542,2.505,179560.77,171255.58,112182.57
2019-01-16,2.55,2.59,2.56,2.54,195779.48,0.02,0.79,2.546,2.531,2.503,171143.32,150382.41,102452.64
2019-01-15,2.53,2.55,2.54,2.5,143025.91,0.01,0.4,2.54,2.519,2.502,183227.7,135051,95407.75
2019-01-14,2.55,2.56,2.53,2.52,123540,-0.02,-0.78,2.536,2.51,2.503,190011.66,125580.61,91552.01
2019-01-11,2.54,2.57,2.55,2.51,187922.56,0,0,2.544,2.499,2.506,183820.46,119888.56,89095.11
2019-01-10,2.53,2.59,2.55,2.52,205448.64,0.02,0.79,2.536,2.489,2.508,162950.39,104575.74,81638.01
2019-01-09,2.52,2.58,2.53,2.51,256201.38,0.01,0.4,2.516,2.478,2.509,129621.51,96343.45,73133.17
2019-01-08,2.55,2.57,2.52,2.51,176945.72,-0.05,-1.95,2.498,2.475,2.511,86874.3,73992.31,63652.69
2019-01-07,2.54,2.57,2.57,2.51,92584,0.06,2.39,2.484,2.472,2.516,61149.56,60939.28,57232.56
2019-01-04,2.43,2.52,2.51,2.42,83572.19,0.06,2.45,2.454,2.466,2.519,55956.66,57229.47,55632.36
2019-01-03,2.45,2.48,2.45,2.43,38804.25,0.01,0.41,2.442,2.467,2.526,46201.09,53109.57,54510.03
2019-01-02,2.44,2.46,2.44,2.43,42465.36,-0.01,-0.41,2.44,2.475,2.537,63065.4,54522.86,55825.1
2018-12-28,2.42,2.46,2.45,2.41,48322.01,0.03,1.24,2.452,2.485,2.548,61110.31,55764.5,60234.91
2018-12-27,2.48,2.49,2.42,2.42,66619.5,-0.03,-1.22,2.46,2.495,2.556,60729,57523.4,61782.08
2018-12-26,2.43,2.45,2.45,2.43,34794.31,0.01,0.41,2.478,2.513,2.565,58502.27,58301.66,63333.61
2018-12-25,2.49,2.49,2.44,2.25,123125.81,-0.06,-2.4,2.492,2.526,2.575,60018.05,58700.28,66032.59
2018-12-24,2.48,2.52,2.5,2.48,32689.93,0.01,0.4,2.51,2.54,2.585,45980.32,49922.9,63542.24
2018-12-21,2.5,2.51,2.49,2.48,46415.43,-0.02,-0.8,2.518,2.547,2.591,50418.69,53313.07,65699.72
2018-12-20,2.51,2.52,2.51,2.49,55485.86,-0.01,-0.4,2.53,2.56,2.597,54317.81,53525.83,70185.65
2018-12-19,2.54,2.54,2.52,2.51,42373.22,-0.01,-0.4,2.548,2.571,2.609,58101.05,54035.25,71506.85
2018-12-18,2.52,2.55,2.53,2.5,52937.18,-0.01,-0.39,2.56,2.584,2.619,57382.5,55910.5,73646.18
2018-12-17,2.54,2.55,2.54,2.52,54881.75,-0.01,-0.39,2.57,2.599,2.629,53865.47,57127.33,76626.02
2018-12-14,2.6,2.6,2.55,2.54,65911.05,-0.05,-1.92,2.576,2.611,2.641,56207.45,64705.32,81512.3
2018-12-13,2.58,2.61,2.6,2.56,74402.05,0.02,0.78,2.59,2.617,2.654,52733.85,66040.75,84991.8
2018-12-12,2.59,2.59,2.58,2.57,38780.49,0,0,2.594,2.617,2.662,49969.44,68365.56,87491.73
2018-12-11,2.58,2.59,2.58,2.57,35352,0.01,0.39,2.608,2.624,2.671,54438.49,73364.91,94887.18
2018-12-10,2.59,2.61,2.57,2.56,66591.66,-0.05,-1.91,2.628,2.629,2.68,60389.19,77161.58,107681.06
2018-12-07,2.63,2.64,2.62,2.61,48543.06,0,0,2.646,2.634,2.686,73203.18,78086.37,112920.48
2018-12-06,2.64,2.65,2.62,2.61,60580,-0.03,-1.13,2.644,2.634,2.685,79347.65,86845.47,114347.23
2018-12-05,2.65,2.67,2.65,2.63,61125.75,-0.03,-1.12,2.64,2.646,2.685,86761.67,88978.45,115110.74
2018-12-04,2.66,2.68,2.68,2.65,65105.5,0.02,0.75,2.64,2.654,2.685,92291.32,91381.86,117147.78
2018-12-03,2.65,2.68,2.66,2.63,130661.61,0.05,1.92,2.63,2.658,2.682,93933.97,96124.71,119494.23
2018-11-30,2.6,2.62,2.61,2.57,79265.37,0.01,0.39,2.622,2.671,2.682,82969.55,98319.29,119872.38
2018-11-29,2.65,2.67,2.6,2.6,97650.11,-0.05,-1.89,2.624,2.69,2.683,94343.29,103942.86,124917.54
2018-11-28,2.63,2.65,2.65,2.57,88774.01,0.02,0.76,2.652,2.707,2.683,91195.23,106617.91,125411.24
2018-11-27,2.63,2.65,2.63,2.61,73318.75,0.01,0.38,2.668,2.718,2.68,90472.41,116409.45,126143.01
2018-11-26,2.62,2.65,2.62,2.61,75839.5,0,0,2.686,2.731,2.678,98315.46,138200.55,128574.94
2018-11-23,2.73,2.74,2.62,2.6,136134.09,-0.12,-4.38,2.72,2.737,2.676,113669.03,147754.6,128211.89
2018-11-22,2.78,2.78,2.74,2.73,81909.82,0.01,0.37,2.756,2.735,2.675,113542.43,141848.99,129812.06
2018-11-21,2.7,2.73,2.73,2.67,85159.88,0.01,0.37,2.762,2.724,2.666,122040.59,141243.02,130476.85
2018-11-20,2.77,2.78,2.72,2.72,112534,-0.07,-2.51,2.768,2.715,2.656,142346.48,142913.69,129846.51
2018-11-19,2.78,2.8,2.79,2.73,152607.34,-0.01,-0.36,2.776,2.706,2.645,178085.63,142863.75,130713.09
2018-11-16,2.79,2.82,2.8,2.78,135501.09,0.03,1.08,2.754,2.692,2.634,181840.16,141425.47,132121.68
2018-11-15,2.77,2.8,2.77,2.76,124400.62,0.01,0.36,2.714,2.676,2.617,170155.56,145892.21,130117.75
2018-11-14,2.79,2.83,2.76,2.75,186689.36,0,0,2.686,2.658,2.6,160445.46,144204.57,128476.76
2018-11-13,2.65,2.8,2.76,2.64,291229.75,0.08,2.98,2.662,2.642,2.587,143480.9,135876.58,122534.64
2018-11-12,2.61,2.69,2.68,2.59,171380,0.08,3.08,2.636,2.625,2.573,107641.88,118949.33,112410.91
2018-11-09,2.63,2.64,2.6,2.59,77078.07,-0.03,-1.14,2.63,2.615,2.565,101010.78,108669.19,108885.46
2018-11-08,2.64,2.66,2.63,2.63,75850.1,-0.01,-0.38,2.638,2.615,2.565,121628.87,117775.14,111776.83
2018-11-07,2.64,2.67,2.64,2.62,101866.57,0.01,0.38,2.63,2.607,2.568,127963.69,119710.68,115541.25
2018-11-06,2.64,2.66,2.63,2.59,112034.64,-0.02,-0.76,2.622,2.596,2.58,128272.27,116779.32,112433.2
2018-11-05,2.63,2.68,2.65,2.62,138224.53,0.01,0.38,2.614,2.584,2.592,130256.79,118562.42,110165.42
2018-11-02,2.6,2.68,2.64,2.6,180168.5,0.05,1.93,2.6,2.575,2.604,116327.6,122817.88,107399.8
2018-11-01,2.6,2.63,2.59,2.58,107524.2,-0.01,-0.39,2.592,2.557,2.618,113921.4,114343.29,101562.32
2018-10-31,2.6,2.63,2.6,2.57,103409.46,0.01,0.39,2.584,2.542,2.634,111457.67,112748.95,99344.91
2018-10-30,2.58,2.6,2.59,2.52,121957.25,0.01,0.39,2.57,2.532,2.651,105286.38,109192.69,98180.55
2018-10-29,2.58,2.62,2.58,2.56,68578.61,-0.02,-0.77,2.554,2.521,2.67,106868.06,105872.5,95968.9
2018-10-26,2.55,2.7,2.6,2.55,168137.5,0.05,1.96,2.55,2.515,2.689,129308.16,109101.73,98064.28
2018-10-25,2.48,2.55,2.55,2.45,95205.53,0.02,0.79,2.522,2.515,2.706,114765.18,105778.53,93038.39
2018-10-24,2.5,2.55,2.53,2.48,72553,0.02,0.8,2.5,2.528,2.726,114040.24,111371.82,92990.91
2018-10-23,2.54,2.56,2.51,2.49,129865.64,-0.05,-1.95,2.494,2.563,2.747,113099,108087.08,93610.69
2018-10-22,2.46,2.58,2.56,2.46,180779.12,0.1,4.07,2.488,2.6,2.77,104876.93,101768.42,93420.86
2018-10-19,2.39,2.48,2.46,2.38,95422.6,0.02,0.82,2.48,2.632,2.788,88895.31,91981.71,87801.95
2018-10-18,2.5,2.51,2.44,2.42,91580.83,-0.06,-2.4,2.508,2.679,2.811,96791.87,88781.35,86446.12
2018-10-17,2.51,2.52,2.5,2.46,67846.82,0.02,0.81,2.556,2.726,2.832,108703.4,85940.87,83629.58
2018-10-16,2.53,2.55,2.48,2.46,88755.3,-0.04,-1.59,2.632,2.77,2.851,103075.16,87168.42,82147.26
2018-10-15,2.58,2.6,2.52,2.51,100871,-0.08,-3.08,2.712,2.818,2.87,98659.9,86065.31,79904.47
2018-10-12,2.66,2.69,2.6,2.51,134905.41,-0.08,-2.98,2.784,2.862,2.889,95068.11,87026.83,76778.41
2018-10-11,2.84,2.85,2.68,2.64,151138.48,-0.2,-6.94,2.85,2.896,2.903,80770.83,80298.26,72627.65
2018-10-10,2.87,2.9,2.88,2.87,39705.63,0,0,2.896,2.923,2.914,63178.34,74610.01,68422.5
2018-10-09,2.89,2.9,2.88,2.87,66679,0,0,2.908,2.931,2.915,71261.67,79134.29,68873.51
2018-10-08,2.9,2.93,2.88,2.86,82912.05,-0.05,-1.71,2.924,2.939,2.914,73470.72,85073.29,68331.15
2018-09-28,2.92,2.94,2.93,2.91,63419,0.02,0.69,2.94,2.943,2.914,78985.55,83622.19,67149.56
2018-09-27,2.93,2.96,2.91,2.91,63176,-0.03,-1.02,2.942,2.942,2.913,79825.7,84110.88,68258.7
2018-09-26,2.96,2.97,2.94,2.93,80122.28,-0.02,-0.68,2.95,2.938,2.914,86041.68,81318.28,69464.65
2018-09-25,2.95,2.98,2.96,2.94,77724.27,0,0,2.954,2.931,2.912,87006.92,77126.1,68613.89
2018-09-21,2.94,2.97,2.96,2.92,110486.18,0.02,0.68,2.954,2.921,2.909,96675.87,73743.63,67937.62
2018-09-20,2.95,2.96,2.94,2.93,67619.75,-0.01,-0.34,2.946,2.915,2.905,88258.83,66529.98,65287.41
2018-09-19,2.94,2.98,2.95,2.93,94255.91,-0.01,-0.34,2.942,2.91,2.9,88396.07,64957.04,63749.54
2018-09-18,2.96,2.97,2.96,2.92,84948.5,0,0,2.926,2.905,2.895,76594.89,62234.98,61010.48
2018-09-17,2.92,2.96,2.96,2.9,126069,0.04,1.37,2.908,2.899,2.89,67245.29,58612.72,59293.41
2018-09-14,2.91,2.93,2.92,2.91,68401,0,0,2.888,2.889,2.884,50811.39,51589.01,55838.19
2018-09-13,2.88,2.92,2.92,2.88,68305.93,0.05,1.74,2.884,2.884,2.878,44801.14,50676.94,55612.12
2018-09-12,2.86,2.89,2.87,2.85,35250,0,0,2.878,2.883,2.874,41518,52406.52,56476.32
2018-09-11,2.86,2.88,2.87,2.84,38200.5,0.01,0.35,2.884,2.889,2.876,47875.08,57611.02,58390.27
2018-09-10,2.9,2.9,2.86,2.86,43899.5,-0.04,-1.38,2.89,2.892,2.88,49980.16,60101.67,59196.55
2018-09-07,2.88,2.93,2.9,2.88,38349.75,0.01,0.35,2.89,2.897,2.885,52366.64,62131.62,60958.5
2018-09-06,2.89,2.93,2.89,2.89,51890.26,-0.01,-0.34,2.884,2.894,2.89,56552.74,64044.84,63209.41
2018-09-05,2.9,2.93,2.9,2.88,67035.4,0,0,2.888,2.89,2.896,63295.03,62542.04,67905.56
2018-09-04,2.86,2.91,2.9,2.85,48725.9,0.04,1.4,2.894,2.884,2.899,67346.95,59785.98,70517.57
2018-09-03,2.87,2.88,2.86,2.83,55831.89,-0.01,-0.35,2.894,2.881,2.902,70223.17,59974.09,74365.09
2018-08-31,2.89,2.91,2.87,2.87,59280.25,-0.04,-1.38,2.904,2.878,2.905,71896.6,60087.37,75858.46
2018-08-30,2.96,2.96,2.91,2.9,85601.72,-0.02,-0.68,2.904,2.871,2.909,71536.95,60547.3,77939.89
2018-08-29,2.9,2.94,2.93,2.89,87295.01,0.03,1.03,2.892,2.865,2.911,61789.05,60546.12,84226.27
2018-08-28,2.91,2.94,2.9,2.9,63107,-0.01,-0.34,2.874,2.862,2.915,52225,59169.52,90235.9
2018-08-27,2.87,2.92,2.91,2.87,64199,0.04,1.39,2.868,2.867,2.927,49725,58291.42,98674.44
2018-08-24,2.85,2.89,2.87,2.83,57482,0.02,0.7,2.852,2.873,2.934,48278.15,59785.37,104067.34
2018-08-23,2.84,2.87,2.85,2.84,36862.25,0.01,0.35,2.838,2.885,2.943,49557.65,62373.97,113434.09
2018-08-22,2.87,2.87,2.84,2.83,39474.75,-0.03,-1.04,2.838,2.901,2.954,59303.19,73269.08,127052.71
2018-08-21,2.82,2.88,2.87,2.82,50607,0.04,1.41,2.85,2.913,2.962,66114.04,81249.15,131638.27
2018-08-20,2.8,2.84,2.83,2.77,56964.75,0.03,1.07,2.866,2.923,2.97,66857.84,88756.08,138146.57
2018-08-17,2.86,2.88,2.8,2.8,63879.5,-0.05,-1.75,2.894,2.932,2.977,71292.6,91629.54,140934.16
2018-08-16,2.87,2.91,2.85,2.84,85589.93,-0.05,-1.72,2.932,2.946,2.986,75190.3,95332.49,144311.23
2018-08-15,2.95,2.97,2.9,2.9,73529,-0.05,-1.7,2.964,2.956,2.989,87234.97,107906.42,145453.2
2018-08-14,2.97,2.97,2.95,2.94,54326.04,-0.02,-0.67,2.976,2.968,2.991,96384.27,121302.27,153746.1
2018-08-13,2.96,2.97,2.97,2.93,79138.51,-0.02,-0.67,2.98,2.986,2.988,110654.32,139057.46,153892.44
2018-08-10,2.99,3.02,2.99,2.97,83368,-0.02,-0.66,2.97,2.995,2.985,111966.48,148349.3,153943.81
2018-08-09,2.96,3.02,3.01,2.93,145813.3,0.05,1.69,2.96,3.001,2.98,115474.68,164494.2,160668.86
2018-08-08,2.96,3.03,2.96,2.94,119275.5,-0.01,-0.34,2.948,3.006,2.971,128577.87,180836.35,158436.55
2018-08-07,2.92,2.97,2.97,2.87,125676.3,0.05,1.71,2.96,3.01,2.962,146220.28,182027.39,156166.75
2018-08-06,2.93,2.95,2.92,2.9,85699.3,-0.02,-0.68,2.992,3.016,2.956,167460.59,187537.05,153148.1
2018-08-03,2.93,2.98,2.94,2.92,100909,-0.01,-0.34,3.02,3.022,2.95,184732.12,190238.78,152608.74
2018-08-02,3.02,3.04,2.95,2.87,211329.23,-0.07,-2.32,3.042,3.025,2.942,213513.72,193289.97,151336.61
2018-08-01,3.12,3.12,3.02,3.02,207487.55,-0.11,-3.51,3.064,3.022,2.932,233094.82,182999.98,144649.75
2018-07-31,3.06,3.15,3.13,3.05,231877.88,0.07,2.29,3.06,3.013,2.923,217834.5,186189.92,141006.93
2018-07-30,3.05,3.1,3.06,3.03,172056.94,0.01,0.33,3.04,2.99,2.907,207613.51,168727.43,132949.61
2018-07-27,3.04,3.14,3.05,3.04,244817,-0.01,-0.33,3.024,2.974,2.894,195745.43,159538.33,129085.97
2018-07-26,2.99,3.1,3.06,2.98,309234.75,0.06,2,3.008,2.958,2.883,173066.21,156843.53,120648.61
2018-07-25,3.02,3.03,3,2.99,131185.94,-0.03,-0.99,2.98,2.936,2.869,132905.14,136036.76,108148.57
2018-07-24,2.97,3.04,3.03,2.97,180772.91,0.05,1.68,2.966,2.914,2.859,154545.34,130306.1,104120.48
2018-07-23,2.96,2.98,2.98,2.94,112716.56,0.01,0.34,2.94,2.895,2.848,129841.36,118759.15,99048.48
2018-07-20,2.9,2.98,2.97,2.9,131420.91,0.05,1.71,2.924,2.878,2.838,123331.22,114978.71,95939.53
2018-07-19,2.93,2.95,2.92,2.91,108429.4,-0.01,-0.34,2.908,2.858,2.828,140620.84,109383.26,93097.47
2018-07-18,2.9,3.02,2.93,2.89,239386.91,0.03,1.03,2.892,2.842,2.819,139168.38,106299.52,92480.35
2018-07-17,2.89,2.9,2.9,2.86,57253,0,0,2.862,2.832,2.812,106066.87,95823.94,85561.85
2018-07-16,2.87,2.9,2.9,2.85,80165.9,0.01,0.35,2.85,2.824,2.803,107676.95,97171.79,92930.38
2018-07-13,2.88,2.95,2.89,2.87,217868.98,0.05,1.76,2.832,2.814,2.807,106626.19,98633.6,94508.99
2018-07-12,2.78,2.85,2.84,2.77,101167.13,0.06,2.16,2.808,2.808,2.812,78145.67,84453.69,87723.44
2018-07-11,2.81,2.81,2.78,2.74,73879.32,-0.06,-2.11,2.792,2.801,2.82,73430.65,80260.38,86568.28
2018-07-10,2.81,2.84,2.84,2.79,65303.43,0.03,1.07,2.802,2.803,2.834,85581.01,77934.85,86392.19
2018-07-09,2.76,2.82,2.81,2.76,74912.1,0.04,1.44,2.798,2.801,2.844,86666.63,79337.81,86373.27
2018-07-06,2.76,2.79,2.77,2.71,75466.39,0.01,0.36,2.796,2.797,2.856,90641.02,76900.35,88484.26
2018-07-05,2.83,2.84,2.76,2.76,77592,-0.07,-2.47,2.808,2.798,2.871,90761.71,76811.68,89656.68
2018-07-04,2.82,2.88,2.83,2.79,134631.12,0.01,0.35,2.81,2.796,2.889,87090.11,78661.18,88826.08
2018-07-03,2.78,2.84,2.82,2.77,70731.56,0.02,0.71,2.804,2.791,2.905,70288.69,75299.76,85305.26
2018-07-02,2.82,2.84,2.8,2.78,94784.01,-0.03,-1.06,2.804,2.782,2.92,72008.98,88688.98,85326.79
2018-06-29,2.77,2.83,2.83,2.76,76069.88,0.06,2.17,2.798,2.799,2.935,63159.68,90384.38,85323.67
2018-06-28,2.8,2.83,2.77,2.77,59234,-0.03,-1.07,2.788,2.816,2.95,62861.65,90993.19,87107.46
2018-06-27,2.82,2.82,2.8,2.78,50624,-0.02,-0.71,2.782,2.839,2.966,70232.25,92876.18,93896.56
2018-06-26,2.74,2.83,2.82,2.71,79333.01,0.05,1.8,2.778,2.864,2.988,80310.83,94849.53,97049.86
2018-06-25,2.81,2.83,2.77,2.77,50537.5,-0.01,-0.36,2.76,2.887,3.01,105368.97,93408.73,98070.91
2018-06-22,2.72,2.79,2.78,2.71,74579.76,0.04,1.46,2.8,2.914,3.035,117609.09,100068.18,104344.59
2018-06-21,2.76,2.81,2.74,2.73,96086.99,-0.04,-1.44,2.844,2.944,3.062,119124.73,102501.68,110307.92
2018-06-20,2.7,2.8,2.78,2.7,101016.88,0.05,1.83,2.896,2.982,3.094,115520.11,98990.98,122062.64
2018-06-19,2.94,2.94,2.73,2.67,204623.72,-0.24,-8.08,2.95,3.018,3.122,109388.24,95310.76,127120.24
2018-06-15,3.01,3.03,2.97,2.96,111738.08,-0.03,-1,3.014,3.057,3.152,81448.49,81964.61,125871.43
2018-06-14,2.99,3.02,3,2.96,82158,0,0,3.028,3.071,3.169,82527.28,80262.96,130965.11
2018-06-13,3.05,3.05,3,3,78063.89,-0.05,-1.64,3.044,3.083,3.181,85878.63,83221.72,130901.37
2018-06-12,3.05,3.07,3.05,3.02,70357.5,0,0,3.068,3.092,3.193,82461.85,94916.93,132667.52
2018-06-11,3.02,3.06,3.05,3,64925,0.01,0.33,3.086,3.112,3.203,81233.27,99250.18,138382.45
2018-06-08,3.08,3.08,3.04,3.01,117132,-0.04,-1.3,3.1,3.132,3.212,82480.73,102733.08,140777.35
2018-06-07,3.13,3.14,3.08,3.07,98914.75,-0.04,-1.28,3.114,3.156,3.223,77998.63,108621,141502.69
2018-06-06,3.14,3.14,3.12,3.11,60980.01,-0.02,-0.64,3.122,3.18,3.233,80564.82,118114.15,142114.2
2018-06-05,3.13,3.15,3.14,3.12,64214.61,0.02,0.64,3.116,3.205,3.24,107372.01,145134.3,143386.51
2018-06-04,3.11,3.14,3.12,3.11,71162.3,0.01,0.32,3.138,3.225,3.248,117267.09,158929.72,148569.55
2018-06-01,3.1,3.14,3.11,3.08,94721.49,-0.01,-0.32,3.164,3.246,3.255,122985.43,169778.25,151471.96
2018-05-31,3.1,3.13,3.12,3.09,111745.67,0.03,0.97,3.198,3.266,3.26,139243.38,181667.26,153607
2018-05-30,3.22,3.22,3.09,3.06,195015.98,-0.16,-4.92,3.238,3.279,3.266,155663.49,178581.02,157888.38
2018-05-29,3.25,3.27,3.25,3.22,113690,0,0,3.294,3.293,3.271,182896.6,170418.11,157123.81
2018-05-28,3.27,3.3,3.25,3.24,99754,-0.03,-0.92,3.312,3.294,3.265,200592.34,177514.73,155559.21
2018-05-25,3.32,3.32,3.28,3.26,176011.23,-0.04,-1.21,3.328,3.291,3.258,216571.07,178821.63,156003.61
2018-05-24,3.36,3.39,3.32,3.31,193846.23,-0.05,-1.48,3.334,3.289,3.252,224091.14,174384.38,154415.29
2018-05-23,3.34,3.43,3.37,3.31,331181.53,0.03,0.9,3.32,3.285,3.246,201498.55,166114.26,156904.84
2018-05-22,3.33,3.38,3.34,3.32,202168.72,0.01,0.3,3.292,3.275,3.236,157939.63,141638.72,152428.29
2018-05-21,3.33,3.36,3.33,3.3,179647.62,0.02,0.6,3.276,3.27,3.222,154437.11,138209.39,148846.07
2018-05-18,3.24,3.33,3.31,3.23,213611.59,0.06,1.85,3.254,3.263,3.213,141072.19,133165.67,145997.19
2018-05-17,3.23,3.25,3.25,3.21,80883.31,0.02,0.62,3.244,3.254,3.204,124677.62,125546.75,140221.88
2018-05-16,3.24,3.26,3.23,3.2,113386.89,-0.03,-0.92,3.25,3.253,3.198,130729.96,137195.74,140920.33
2018-05-15,3.21,3.28,3.26,3.18,184656.14,0.04,1.24,3.258,3.249,3.193,125337.82,143829.51,142274.88
2018-05-14,3.25,3.26,3.22,3.21,112823,-0.04,-1.23,3.264,3.236,3.188,121981.66,133603.69,144986.23
2018-05-11,3.28,3.32,3.26,3.26,131638.75,-0.02,-0.61,3.272,3.224,3.183,125259.16,133185.59,143069.88
2018-05-10,3.28,3.3,3.28,3.25,111145.02,0.01,0.31,3.264,3.214,3.177,126415.87,134446.2,142939.02
2018-05-09,3.28,3.29,3.27,3.26,86426.17,-0.02,-0.61,3.256,3.206,3.17,143661.51,147695.43,142240.18
2018-05-08,3.26,3.31,3.29,3.23,167875.38,0.03,0.92,3.24,3.197,3.163,162321.2,163217.86,145879.93
2018-05-07,3.22,3.27,3.26,3.21,129210.49,0.04,1.24,3.208,3.174,3.158,145225.72,159482.75,141593.34
2018-05-04,3.22,3.27,3.22,3.2,137422.31,-0.02,-0.62,3.176,3.163,3.155,141112.02,158828.7,140755.62
2018-05-03,3.19,3.25,3.24,3.15,197373.22,0.05,1.57,3.164,3.154,3.159,142476.53,154897.02,138358.3
2018-05-02,3.15,3.21,3.19,3.13,179724.59,0.06,1.92,3.156,3.142,3.163,151729.34,144644.92,133099.56
2018-04-27,3.12,3.16,3.13,3.11,82398,0.03,0.97,3.154,3.136,3.169,164114.52,140720.25,129219.08
2018-04-26,3.16,3.17,3.1,3.1,108642,-0.06,-1.9,3.14,3.14,3.177,173739.77,156368.76,132196.02
2018-04-25,3.16,3.19,3.16,3.15,144244.86,-0.04,-1.25,3.15,3.141,3.187,176545.37,152954.16,136013.8
2018-04-24,3.16,3.29,3.2,3.13,243637.23,0.02,0.63,3.144,3.14,3.19,167317.5,151431.83,138654.38
2018-04-23,3.09,3.2,3.18,3.06,241650.5,0.12,3.92,3.128,3.134,3.195,137560.5,136784.93,145110.54
2018-04-20,3.14,3.14,3.06,3.06,130524.25,-0.09,-2.86,3.118,3.129,3.209,117325.98,128542.01,148365.99
2018-04-19,3.12,3.17,3.15,3.11,122670,0.02,0.64,3.14,3.141,3.223,138997.75,123703.94,151175.25
2018-04-18,3.14,3.15,3.13,3.1,98105.53,0.01,0.32,3.132,3.147,3.233,129362.95,122682.54,151188.44
2018-04-17,3.14,3.16,3.12,3.11,94852.2,-0.01,-0.32,3.136,3.164,3.241,135546.16,121819.59,151169.11
2018-04-16,3.15,3.19,3.13,3.11,140477.91,-0.04,-1.26,3.14,3.183,3.251,136009.37,121554.21,155982.42
2018-04-13,3.23,3.24,3.17,3.16,238883.09,0.06,1.93,3.14,3.201,3.265,139758.03,117717.92,163601.06
2018-04-12,3.14,3.15,3.11,3.11,74496,-0.04,-1.27,3.142,3.214,3.272,108410.14,108023.28,155800.64
2018-04-11,3.14,3.19,3.15,3.14,129021.6,0.01,0.32,3.162,3.233,3.284,116002.14,119073.44,157475.64
2018-04-10,3.13,3.15,3.14,3.1,97168.23,0.01,0.32,3.192,3.239,3.295,108093.02,125876.93,156594.5
2018-04-09,3.17,3.19,3.13,3.09,159221.25,-0.05,-1.57,3.226,3.256,3.306,107099.06,153436.15,158115.46
2018-04-04,3.21,3.24,3.18,3.18,82143.6,-0.03,-0.94,3.262,3.288,3.318,95677.81,168189.98,161095.3
2018-04-03,3.28,3.28,3.21,3.2,112456,-0.09,-2.73,3.286,3.305,3.325,107636.43,178646.55,170986.68
2018-04-02,3.3,3.33,3.3,3.28,89476,-0.01,-0.3,3.304,3.318,3.327,122144.74,179694.34,169835.05
2018-03-30,3.31,3.33,3.31,3.29,92198.43,0,0,3.286,3.318,3.324,143660.85,180518.64,168651.8
2018-03-29,3.33,3.34,3.31,3.28,102115,0.01,0.3,3.286,3.319,3.321,199773.24,190410.64,169490.53
2018-03-28,3.27,3.34,3.3,3.26,141936.7,0,0,3.314,3.328,3.318,240702.16,209484.19,168756.46
2018-03-27,3.23,3.35,3.3,3.23,184997.59,0.09,2.8,3.324,3.33,3.313,249656.67,203578,164956.11
2018-03-26,3.22,3.23,3.21,3.07,197056.52,-0.1,-3.02,3.332,3.335,3.309,237243.94,195877.85,161351.67
2018-03-23,3.38,3.55,3.31,3.2,372760.41,-0.14,-4.06,3.35,3.351,3.309,217376.43,187312.07,156012.06
2018-03-22,3.36,3.5,3.45,3.31,306759.56,0.1,2.98,3.352,3.356,3.302,181048.03,162794.78,140270.67
2018-03-21,3.33,3.45,3.35,3.32,186709.28,0.01,0.3,3.342,3.348,3.287,178266.23,154000.62,128085.42
2018-03-20,3.28,3.39,3.34,3.28,122933.91,0.04,1.21,3.336,3.344,3.276,157499.32,163326.8,121146.85
2018-03-19,3.31,3.34,3.3,3.29,97718.99,-0.02,-0.6,3.338,3.336,3.265,154511.76,159975.76,118455.9
2018-03-16,3.35,3.4,3.32,3.31,191118.41,-0.08,-2.35,3.352,3.329,3.257,157247.71,156784.97,117098.11
2018-03-15,3.31,3.53,3.4,3.29,292850.56,0.08,2.41,3.36,3.322,3.244,144541.53,148570.42,113037.17
2018-03-14,3.35,3.36,3.32,3.3,82874.72,-0.03,-0.9,3.354,3.307,3.232,129735.01,128028.73,102701.92
2018-03-13,3.37,3.38,3.35,3.33,107996.12,-0.02,-0.59,3.352,3.296,3.222,169154.29,126334.22,104903.38
2018-03-12,3.36,3.39,3.37,3.35,111398.72,0.01,0.3,3.334,3.283,3.211,165439.75,126825.5,111383.25
2018-03-09,3.36,3.37,3.36,3.32,127587.51,-0.01,-0.3,3.306,3.267,3.197,156322.23,124712.05,108814.67
2018-03-08,3.29,3.39,3.37,3.27,218817.98,0.06,1.81,3.284,3.247,3.185,152599.31,117746.56,108914.78
2018-03-07,3.27,3.41,3.31,3.24,279971.12,0.05,1.53,3.26,3.225,3.175,126322.45,102170.22,115190.32
2018-03-06,3.23,3.27,3.26,3.22,89423.43,0.03,0.93,3.24,3.207,3.184,83514.15,78966.89,110183.54
2018-03-05,3.25,3.26,3.23,3.21,65811.1,-0.02,-0.61,3.232,3.193,3.202,88211.24,76936.04,109446.53
2018-03-02,3.23,3.31,3.25,3.22,108972.91,0,0,3.228,3.184,3.222,93101.86,77411.25,112596.44
2018-03-01,3.2,3.25,3.25,3.18,87433.68,0.04,1.25,3.21,3.166,3.243,82893.81,77503.92,113786.63
2018-02-28,3.2,3.22,3.21,3.18,65929.63,-0.01,-0.31,3.19,3.156,3.264,78017.99,77375.1,122409.12
2018-02-27,3.2,3.24,3.22,3.19,112908.9,0.01,0.31,3.174,3.148,3.283,74419.62,83472.53,128300.62
2018-02-26,3.16,3.22,3.21,3.16,90264.2,0.05,1.58,3.154,3.138,3.305,65660.84,95941.01,134271.35
2018-02-23,3.15,3.18,3.16,3.14,57932.62,0.01,0.32,3.14,3.127,3.332,61720.63,92917.3,137701.85
2018-02-22,3.14,3.16,3.15,3.13,63054.59,0.02,0.64,3.122,3.123,3.359,72114.04,100083,140108.39
2018-02-14,3.12,3.14,3.13,3.1,47937.8,0.01,0.32,3.122,3.124,3.389,76732.22,128210.42,142672.73
2018-02-13,3.15,3.17,3.12,3.11,69115,-0.02,-0.64,3.122,3.16,3.419,92525.44,141400.19,146015.58
2018-02-12,3.07,3.18,3.14,3.07,70563.15,0.07,2.28,3.122,3.21,3.451,126221.18,141957.02,147417.83
2018-02-09,3.12,3.12,3.07,3.03,109899.64,-0.08,-2.54,3.114,3.259,3.483,124113.97,147781.64,149718.48
2018-02-08,3.13,3.18,3.15,3.11,86145.5,0.02,0.64,3.124,3.319,3.523,128051.95,150069.34,148259.33
2018-02-07,3.12,3.18,3.13,3.09,126903.9,0.01,0.32,3.126,3.371,3.559,179688.62,167443.13,147812.84
2018-02-06,3.07,3.34,3.12,3.05,237593.69,0.02,0.65,3.198,3.418,3.597,190274.94,173128.71,147407.62
2018-02-05,3.08,3.14,3.1,3.04,60027.14,-0.02,-0.64,3.298,3.471,3.638,157692.87,172601.69,139475.49
2018-02-02,3.16,3.16,3.12,3.03,129589.54,-0.04,-1.27,3.404,3.536,3.681,171449.3,182486.4,142740.92
2018-02-01,3.49,3.5,3.16,3.14,344328.81,-0.33,-9.46,3.514,3.595,3.726,172086.72,180133.79,141217.92
2018-01-31,3.61,3.61,3.49,3.47,179835.52,-0.13,-3.59,3.616,3.653,3.769,155197.65,157135.05,130552.7
2018-01-30,3.62,3.65,3.62,3.6,74683.35,-0.01,-0.28,3.638,3.678,3.792,155982.47,150630.97,124693.33
2018-01-29,3.67,3.68,3.63,3.61,128809.26,-0.04,-1.09,3.644,3.692,3.806,187510.51,152878.63,123337.36
2018-01-26,3.66,3.69,3.67,3.65,132776.66,0,0,3.668,3.706,3.819,193523.51,151655.32,118629.97
2018-01-25,3.57,3.7,3.67,3.57,259883.44,0.07,1.94,3.676,3.727,3.829,188180.86,146449.33,114372.88
2018-01-24,3.65,3.65,3.6,3.58,183759.64,-0.05,-1.37,3.69,3.747,3.838,159072.46,128182.55,102969.72
2018-01-23,3.71,3.72,3.65,3.64,232323.55,-0.1,-2.67,3.718,3.775,3.851,145279.48,121686.54,95640.44
2018-01-22,3.71,3.76,3.75,3.69,158874.27,0.04,1.08,3.74,3.805,3.86,118246.75,106349.29,87955.88
2018-01-19,3.73,3.75,3.71,3.7,106063.41,-0.03,-0.8,3.744,3.825,3.87,109787.12,102995.43,81922.62
2018-01-18,3.73,3.77,3.74,3.7,114341.41,0,0,3.778,3.856,3.883,104717.79,102302.05,78824.04
2018-01-17,3.76,3.76,3.74,3.69,114794.74,-0.02,-0.53,3.804,3.884,3.894,97292.65,103970.35,75400.55
2018-01-16,3.77,3.78,3.76,3.74,97159.9,-0.01,-0.27,3.832,3.906,3.909,98093.59,98755.68,71354.16
2018-01-15,3.88,3.88,3.77,3.76,116576.16,-0.11,-2.83,3.87,3.92,3.923,94451.83,93796.09,69140.62
2018-01-12,3.87,3.93,3.88,3.85,80716.74,0.01,0.26,3.906,3.932,3.935,96203.74,85604.62,66690.36
2018-01-11,3.86,3.89,3.87,3.84,77215.72,-0.01,-0.26,3.934,3.93,3.942,99886.32,82296.44,64194.82
2018-01-10,3.94,3.94,3.88,3.86,118799.45,-0.07,-1.77,3.964,3.929,3.948,110648.05,77756.89,61613
2018-01-09,3.95,3.99,3.95,3.93,78951.07,0,0,3.98,3.926,3.952,99417.76,69594.34,57390.07
2018-01-08,4,4.02,3.95,3.92,125335.74,-0.07,-1.74,3.97,3.915,3.956,93140.35,69562.48,55368.89
2018-01-05,4,4.05,4.02,3.98,99129.61,0,0,3.958,3.915,3.959,75005.49,60849.8,51185.15
2018-01-04,3.96,4.09,4.02,3.93,131024.39,0.06,1.51,3.926,3.909,3.957,64706.56,55346.03,47933.98
2018-01-03,3.92,3.96,3.96,3.9,62647.99,0.06,1.54,3.894,3.904,3.955,44865.73,46830.74,43347.35
2018-01-02,3.87,3.91,3.9,3.87,47564.01,0.01,0.26,3.872,3.911,3.956,39770.92,43952.65,43109.39
2017-12-29,3.86,3.9,3.89,3.86,34661.43,0.03,0.78,3.86,3.925,3.961,45984.62,44485.15,42665.78
2017-12-28,3.85,3.88,3.86,3.83,47635,0,0,3.872,3.938,3.968,46694.12,47776.1,42645.86
2017-12-27,3.85,3.88,3.86,3.84,31820.24,0.01,0.26,3.892,3.953,3.975,45985.5,46093.2,41984.61
2017-12-26,3.84,3.86,3.85,3.82,37173.91,0.01,0.26,3.914,3.966,3.983,48795.75,45469.1,42850.96
2017-12-25,3.96,3.96,3.84,3.84,78632.5,-0.11,-2.79,3.95,3.978,3.991,48134.38,45185.81,42901.11
2017-12-22,3.96,3.99,3.95,3.94,38208.94,-0.01,-0.25,3.99,3.997,3.998,42985.68,41175.3,41595.2
2017-12-21,3.97,3.98,3.96,3.93,44091.92,-0.01,-0.25,4.004,4.003,4.001,48858.09,41520.49,41793.31
2017-12-20,4.03,4.05,3.97,3.97,45871.5,-0.06,-1.49,4.014,4.005,4.005,46200.9,40521.93,42129.47
2017-12-19,4.03,4.04,4.03,4.02,33867.02,-0.01,-0.25,4.018,4.005,4.012,42142.45,39863.96,41771.49
2017-12-18,4.02,4.09,4.04,4.01,52889,0.02,0.5,4.006,4,4.017,42237.24,42266.13,42403.28
2017-12-15,4.01,4.04,4.02,3.99,67571,0.01,0.25,4.004,3.996,4.021,39364.92,40846.42,43375.22
2017-12-14,3.99,4.01,4.01,3.98,30805.97,0.02,0.5,4.002,3.998,4.027,34182.89,37515.61,47024.77
2017-12-13,3.98,3.99,3.99,3.95,25579.25,0.02,0.5,3.996,3.996,4.047,34842.95,37876.02,48036
2017-12-12,4.03,4.03,3.97,3.97,34341,-0.06,-1.49,3.992,4,4.067,37585.46,40232.81,50443
2017-12-11,4.01,4.03,4.03,4,38527.36,0.02,0.5,3.994,4.004,4.092,42295.01,40616.41,51854.82
2017-12-08,3.98,4.02,4.01,3.97,41660.86,0.03,0.75,3.988,3.998,4.115,42327.92,42015.1,52193.65
2017-12-07,3.96,3.98,3.98,3.95,34106.3,0.01,0.25,3.994,3.999,4.141,40848.34,42066.14,52260.85
2017-12-06,3.98,3.98,3.97,3.93,39291.79,-0.01,-0.25,3.996,4.004,4.17,40909.08,43737.01,52723.9
2017-12-05,4.01,4.05,3.98,3.97,57888.75,-0.02,-0.5,4.008,4.019,4.198,42880.16,43679.02,53996.45
2017-12-04,4.03,4.04,4,3.99,38691.89,-0.04,-0.99,4.014,4.033,4.226,38937.8,42540.43,53557.26
2017-12-01,4,4.05,4.04,4,34262.97,0.05,1.25,4.008,4.046,4.251,41702.28,45904.02,54742.02
2017-11-30,4.03,4.03,3.99,3.99,34410,-0.04,-0.99,4.004,4.056,4.276,43283.94,56533.92,57667.07
2017-11-29,4,4.03,4.03,3.99,49147.21,0.02,0.5,4.012,4.097,4.307,46564.94,58195.97,58860.38
2017-11-28,3.96,4.01,4.01,3.96,38176.95,0.04,1.01,4.03,4.134,4.34,44477.88,60653.18,58084.47
2017-11-27,4.03,4.03,3.97,3.93,52514.28,-0.05,-1.24,4.052,4.179,4.374,46143.05,63093.23,58365.9
2017-11-24,4.04,4.05,4.02,4.01,42171.25,-0.01,-0.25,4.084,4.232,4.409,50105.76,62372.2,60242.94
2017-11-23,4.1,4.11,4.03,4.03,50815,-0.09,-2.18,4.108,4.282,4.447,69783.91,62455.56,60705.88
2017-11-22,4.12,4.14,4.12,4.1,38711.92,0,0,4.182,4.335,4.488,69827.01,61710.79,60053.91
2017-11-21,4.12,4.16,4.12,4.09,46502.78,-0.01,-0.24,4.238,4.377,4.523,76828.48,64313.88,59536.59
2017-11-20,4.11,4.14,4.13,4.03,72327.85,-0.01,-0.24,4.306,4.418,4.559,80043.4,64574.09,59101.13
2017-11-17,4.41,4.41,4.14,4.07,140562,-0.26,-5.91,4.38,4.456,4.595,74638.63,63580.01,57942.21
2017-11-16,4.4,4.42,4.4,4.39,51030.5,0,0,4.456,4.496,4.629,55127.21,58800.22,52778.88
2017-11-15,4.46,4.46,4.4,4.4,73719.26,-0.06,-1.34,4.488,4.517,4.647,53594.56,59524.79,56438.32
2017-11-14,4.5,4.5,4.46,4.44,62577.41,-0.04,-0.89,4.516,4.545,4.672,51799.28,55515.76,57823.39
2017-11-13,4.51,4.53,4.5,4.49,45304,-0.02,-0.44,4.53,4.568,4.697,49104.78,53638.58,56632.27
2017-11-10,4.56,4.56,4.52,4.51,43004.9,-0.04,-0.88,4.532,4.585,4.72,52521.39,58113.68,58787.53
2017-11-09,4.54,4.57,4.56,4.53,43367.25,0.02,0.44,4.536,4.612,4.747,62473.23,58956.19,63618.22
2017-11-08,4.51,4.57,4.54,4.5,64742.85,0.01,0.22,4.546,4.64,4.774,65455.01,58397.02,72288.1
2017-11-07,4.51,4.55,4.53,4.49,49104.9,0.02,0.44,4.574,4.669,4.798,59232.24,54759.3,73635.53
2017-11-06,4.54,4.55,4.51,4.46,62387.04,-0.03,-0.66,4.606,4.699,4.821,58172.38,53628.16,73895.78
2017-11-03,4.63,4.65,4.54,4.48,92764.1,-0.07,-1.52,4.638,4.733,4.844,63705.97,52304.41,73216.7
2017-11-02,4.66,4.68,4.61,4.6,58276.15,-0.07,-1.5,4.688,4.761,4.864,55439.15,46757.54,70424.07
2017-11-01,4.68,4.71,4.68,4.68,33629,-0.01,-0.21,4.734,4.777,4.88,51339.04,53351.86,69704.11
2017-10-31,4.67,4.71,4.69,4.6,43805.61,0.02,0.43,4.764,4.799,4.893,50286.35,60131.01,69802.21
2017-10-30,4.78,4.78,4.67,4.63,90054.99,-0.12,-2.5,4.792,4.826,4.905,49083.94,59625.95,69268.23
2017-10-27,4.83,4.84,4.79,4.78,51430,-0.05,-1.03,4.828,4.855,4.918,40902.84,59461.38,68228.71
2017-10-26,4.83,4.84,4.84,4.81,37775.6,0.01,0.21,4.834,4.882,4.927,38075.93,68280.26,69671.01
2017-10-25,4.83,4.84,4.83,4.81,28365.57,0,0,4.82,4.907,4.936,55364.68,86179.18,71724.43
2017-10-24,4.83,4.83,4.83,4.79,37793.53,-0.02,-0.41,4.834,4.927,4.947,69975.67,92511.77,73439.4
2017-10-23,4.82,4.87,4.85,4.78,49149.5,0.03,0.62,4.86,4.943,4.957,70167.96,94163.41,75010.84
2017-10-20,4.77,4.82,4.82,4.76,37295.45,0.05,1.05,4.882,4.954,4.968,78019.91,94129,76468.86
2017-10-19,4.89,4.9,4.77,4.75,124219.35,-0.13,-2.65,4.93,4.967,4.981,98484.59,94090.6,79833.27
2017-10-18,4.96,4.98,4.9,4.88,101420.52,-0.06,-1.21,4.994,4.982,4.996,116993.67,86056.36,78011.21
2017-10-17,4.97,4.99,4.96,4.95,38755,0,0,5.02,4.986,5.003,115047.86,79473.41,75840.23
2017-10-16,5.03,5.03,4.96,4.96,88409.25,-0.1,-1.98,5.026,4.984,5.008,118158.86,78910.52,80456.96
2017-10-13,5.03,5.06,5.06,5,139618.81,-0.03,-0.59,5.026,4.981,5.013,110238.09,76996.04,79620.03
2017-10-12,5.02,5.14,5.09,4.98,216764.78,0.06,1.19,5.004,4.972,5.012,89696.61,71061.76,76372.09
2017-10-11,5,5.06,5.03,4.97,91691.46,0.04,0.8,4.97,4.964,5.011,55119.06,57269.69,69395.43
2017-10-10,4.96,5,4.99,4.95,54309.98,0.03,0.6,4.952,4.966,5.013,43898.95,54367.04,69238.04
2017-10-09,4.98,5,4.96,4.95,48805.44,0.01,0.2,4.942,4.971,5.017,39662.17,55858.28,72633.94
2017-09-29,4.92,4.96,4.95,4.92,36911.4,0.03,0.61,4.936,4.981,5.025,43753.99,58808.71,74600.5
2017-09-28,4.96,4.96,4.92,4.92,43877,-0.02,-0.41,4.94,4.994,5.035,52426.91,65575.95,77943.61
2017-09-27,4.94,4.97,4.94,4.93,35590.93,0,0,4.958,5.009,5.044,59420.31,69966.05,79856.13
2017-09-26,4.93,4.96,4.94,4.92,33126.1,0.01,0.2,4.98,5.02,5.054,64835.13,72207.06,82191.67
2017-09-25,4.98,4.99,4.93,4.93,69264.51,-0.04,-0.81,5,5.031,5.064,72054.38,82003.41,87714.07
2017-09-22,5.02,5.02,4.97,4.97,80276.03,-0.04,-0.8,5.026,5.044,5.074,73863.44,82244.01,89079.62
2017-09-21,5.05,5.06,5.01,5,78844,-0.04,-0.79,5.048,5.052,5.081,78724.99,81682.41,89080.74
2017-09-20,5.04,5.06,5.05,5.02,62665.03,0.01,0.2,5.06,5.057,5.085,80511.78,81521.17,89932.46
2017-09-19,5.05,5.06,5.04,5.03,69222.35,-0.02,-0.4,5.06,5.06,5.089,79578.98,84109.04,93159.11
2017-09-18,5.06,5.08,5.06,5.04,78309.77,-0.02,-0.39,5.062,5.063,5.097,91952.43,89409.61,99097.19
2017-09-15,5.09,5.12,5.08,5.06,104583.78,0.01,0.2,5.062,5.068,5.1,90624.58,90392.29,101938.78
2017-09-14,5.04,5.09,5.07,5.03,87777.97,0.02,0.4,5.056,5.075,5.103,84639.84,90311.28,106527.78
2017-09-13,5.04,5.06,5.05,5.03,58001.02,0,0,5.054,5.079,5.105,82530.55,89746.21,107725.24
2017-09-12,5.06,5.08,5.05,5.02,131089.62,-0.01,-0.2,5.06,5.087,5.106,88639.09,92176.29,108922.05
2017-09-11,5.03,5.07,5.06,5.03,71670.52,0.01,0.2,5.064,5.096,5.106,86866.78,93424.73,104736.12
2017-09-08,5.06,5.08,5.05,5.04,74660.07,-0.01,-0.2,5.074,5.104,5.104,90160,95915.22,103608.61
2017-09-07,5.08,5.09,5.06,5.05,77231.52,-0.02,-0.39,5.094,5.11,5.1,95982.71,96479.07,104822.68
2017-09-06,5.07,5.1,5.08,5.04,88543.74,0.01,0.2,5.104,5.112,5.1,96961.86,98343.76,106041.36
2017-09-05,5.12,5.12,5.07,5.05,122228.05,-0.04,-0.78,5.114,5.117,5.102,95713.48,102209.19,105937.22
2017-09-04,5.13,5.14,5.11,5.09,88136.64,-0.04,-0.78,5.128,5.13,5.105,99982.68,108784.77,108205.81
2017-09-01,5.15,5.18,5.15,5.12,103773.62,0.04,0.78,5.134,5.131,5.108,101670.44,113485.26,116812.06
2017-08-31,5.12,5.14,5.11,5.09,82127.25,-0.02,-0.39,5.126,5.131,5.103,96975.42,122744.28,117799.16
2017-08-30,5.12,5.14,5.13,5.1,82301.85,-0.01,-0.2,5.12,5.131,5.099,99725.67,125704.28,119169.36
2017-08-29,5.16,5.24,5.14,5.12,143574.02,0,0,5.12,5.125,5.094,108704.9,125667.82,120597.05
2017-08-28,5.11,5.16,5.14,5.1,96575.48,0.03,0.59,5.132,5.115,5.086,117586.86,116047.51,116863.27
2017-08-25,5.08,5.13,5.11,5.06,80298.49,0.03,0.59,5.128,5.104,5.078,125300.07,111302,115593.82
2017-08-24,5.14,5.16,5.08,5.08,95878.5,-0.05,-0.97,5.136,5.09,5.071,148513.15,113166.3,117051.29
2017-08-23,5.16,5.18,5.13,5.11,127198,-0.07,-1.35,5.142,5.088,5.065,151682.9,113738.95,116226.29
2017-08-22,5.11,5.2,5.2,5.07,187983.81,0.08,1.56,5.13,5.087,5.056,142630.73,109665.25,112931.92
2017-08-21,5.18,5.19,5.12,5.1,135141.55,-0.03,-0.58,5.098,5.079,5.045,114508.17,107626.86,107282.07
2017-08-18,5.09,5.28,5.15,5.06,196363.88,0.04,0.78,5.08,5.085,5.037,97303.92,120138.87,104469.83
2017-08-17,5.07,5.13,5.11,5.06,111727.26,0.04,0.79,5.044,5.075,5.027,77819.45,112854.03,99534.27
2017-08-16,5.04,5.08,5.07,5.04,81937.17,0.03,0.59,5.034,5.067,5.022,75795,112634.43,104524.44
2017-08-15,5.01,5.08,5.04,5.01,47371,0.01,0.2,5.044,5.062,5.013,76699.76,115526.29,105155.09
2017-08-14,4.97,5.03,5.03,4.96,49120.3,0.06,1.21,5.06,5.056,5.002,100745.55,117679.03,107225.81
2017-08-11,5.03,5.05,4.97,4.96,98941.51,-0.09,-1.78,5.09,5.051,4.989,142973.82,119885.65,113474.04
2017-08-10,5.13,5.13,5.06,5.03,101605,-0.06,-1.17,5.106,5.051,4.993,147888.61,120936.28,112514.67
2017-08-09,5.14,5.16,5.12,5.11,86461.01,0,0,5.1,5.041,4.994,149473.87,118713.63,111065.78
2017-08-08,5.14,5.17,5.12,5.11,167599.91,-0.06,-1.16,5.08,5.024,4.991,154352.82,116198.6,113544.36
2017-08-07,5.03,5.31,5.18,5.03,260261.66,0.13,2.57,5.052,5.01,4.99,134612.5,106937.28,109708.72
2017-08-04,5.02,5.08,5.05,5,123515.46,0.02,0.4,5.012,4.989,4.99,96797.48,88800.79,101488.72
2017-08-03,5.02,5.09,5.03,4.99,109531.31,0.01,0.2,4.996,4.979,4.995,93983.95,86214.52,100384.87
2017-08-02,4.98,5.03,5.02,4.97,110855.74,0.04,0.8,4.982,4.977,5.001,87953.39,96414.45,107327.05
2017-08-01,4.98,5,4.98,4.96,68898.35,0,0,4.968,4.963,5.004,78044.38,94783.89,105642.56
2017-07-31,4.96,4.99,4.98,4.94,71186.52,0.01,0.2,4.968,4.947,5.007,79262.06,96772.6,105694.73
2017-07-28,4.96,5.04,4.97,4.93,109447.84,0.01,0.2,4.966,4.927,5.012,80804.1,107062.44,105048.9
2017-07-27,4.96,4.97,4.96,4.9,79378.51,0.01,0.2,4.962,4.935,5.016,78445.09,104093.05,103597.91
2017-07-26,4.97,4.98,4.95,4.92,61310.7,-0.03,-0.6,4.972,4.946,5.021,104875.5,103417.93,106371.69
2017-07-25,4.97,5,4.98,4.93,74986.75,0.01,0.2,4.958,4.957,5.029,111523.39,110890.13,106220.77
2017-07-24,4.95,4.98,4.97,4.93,78896.71,0.02,0.4,4.926,4.97,5.039,114283.14,112480.16,106345.65
2017-07-21,4.97,4.99,4.95,4.93,97652.76,-0.06,-1.2,4.888,4.99,5.048,133320.77,114176.66,106175.76
2017-07-20,4.88,5.11,5.01,4.87,211530.59,0.13,2.66,4.908,5.01,5.056,129741.02,114555.21,105535.4
2017-07-19,4.81,4.89,4.88,4.79,94550.13,0.06,1.25,4.92,5.025,5.063,101960.35,118239.66,99346.6
2017-07-18,4.77,4.82,4.82,4.76,88785.5,0.04,0.84,4.956,5.044,5.079,110256.87,116501.23,98196.85
2017-07-17,5,5.03,4.78,4.75,174084.88,-0.27,-5.35,5.014,5.067,5.099,110677.19,114616.86,97223.28
2017-07-14,5.08,5.1,5.05,5.03,79754,-0.02,-0.39,5.092,5.096,5.123,95032.55,103035.37,92935.53
2017-07-13,5.05,5.1,5.07,5.04,72627.26,0.01,0.2,5.112,5.096,5.13,99369.41,103102.77,92630.37
2017-07-12,5.11,5.12,5.06,5.02,136032.7,-0.05,-0.98,5.13,5.095,5.135,134518.97,109325.44,92551.06
2017-07-11,5.17,5.17,5.11,5.1,90887.1,-0.06,-1.16,5.132,5.101,5.139,122745.59,101551.41,88993.38
2017-07-10,5.16,5.19,5.17,5.13,95861.67,0.02,0.39,5.12,5.107,5.141,118556.54,100211.13,87103
2017-07-07,5.12,5.16,5.15,5.1,101438.31,-0.01,-0.19,5.1,5.105,5.139,111038.19,98174.85,86544.55
2017-07-06,5.13,5.26,5.16,5.13,248375.05,0.09,1.77,5.08,5.102,5.143,106836.13,96515.59,86099.73
2017-07-05,5.04,5.08,5.07,5.03,77165.83,0.02,0.4,5.06,5.101,5.147,84131.92,80453.54,78942.37
2017-07-04,5.07,5.09,5.05,5.04,69941.82,-0.02,-0.39,5.07,5.113,5.158,80357.22,79892.47,82898.35
2017-07-03,5.05,5.07,5.07,5.03,58269.93,0.02,0.4,5.094,5.131,5.167,81865.73,79829.69,83513.57
2017-06-30,5.04,5.06,5.05,5.01,80428.01,-0.01,-0.2,5.11,5.149,5.174,85311.52,82835.69,86351.14
2017-06-29,5.1,5.13,5.06,5.05,134854,-0.06,-1.17,5.124,5.163,5.182,86195.05,82157.97,89823.11
2017-06-28,5.16,5.16,5.12,5.11,58292.34,-0.05,-0.97,5.142,5.174,5.182,76775.15,75776.68,89102.71
2017-06-27,5.14,5.19,5.17,5.12,77484.35,0.02,0.39,5.156,5.176,5.184,79427.72,76435.35,93153.79
2017-06-26,5.12,5.16,5.15,5.09,75498.9,0.03,0.59,5.168,5.175,5.186,77793.66,73994.88,100454.52
2017-06-23,5.13,5.16,5.12,5.07,84845.66,-0.03,-0.58,5.188,5.172,5.195,80359.86,74914.24,114446.62
2017-06-22,5.21,5.24,5.15,5.14,87754.51,-0.04,-0.77,5.202,5.183,5.199,78120.88,75683.86,124189.37
2017-06-21,5.23,5.25,5.19,5.16,71555.18,-0.04,-0.77,5.206,5.193,5.196,74778.2,77431.21,133253.92
2017-06-20,5.26,5.28,5.23,5.21,69314.03,-0.02,-0.38,5.196,5.203,5.205,73442.98,85904.24,152320.01
2017-06-19,5.18,5.28,5.25,5.18,88329.93,0.06,1.16,5.182,5.203,5.218,70196.1,87197.46,164677.76
2017-06-16,5.14,5.24,5.19,5.14,73650.76,0.02,0.39,5.156,5.198,5.206,69468.62,89866.6,163629.66
2017-06-15,5.13,5.18,5.17,5.12,71041.11,0.03,0.58,5.164,5.2,5.199,73246.85,97488.25,164319.75
2017-06-14,5.14,5.18,5.14,5.12,64879.08,-0.02,-0.39,5.18,5.19,5.195,80084.22,102428.74,165452.39
2017-06-13,5.11,5.18,5.16,5.1,53079.62,0.04,0.78,5.21,5.191,5.189,98365.5,109872.23,164713.35
2017-06-12,5.2,5.22,5.12,5.12,84692.52,-0.11,-2.1,5.224,5.197,5.181,104198.81,126914.16,165255.93
2017-06-09,5.25,5.27,5.23,5.19,92541.9,-0.02,-0.38,5.24,5.218,5.176,110264.57,153979,166735.89
2017-06-08,5.27,5.29,5.25,5.23,105228,-0.04,-0.76,5.236,5.215,5.162,121729.65,172694.88,166306.22
2017-06-07,5.22,5.29,5.29,5.21,156285.44,0.06,1.15,5.2,5.198,5.15,124773.25,189076.62,168086.24
2017-06-06,5.17,5.23,5.23,5.14,82246.19,0.03,0.58,5.172,5.206,5.131,121378.97,218735.78,163567.46
2017-06-05,5.28,5.31,5.2,5.17,115021.33,-0.01,-0.19,5.17,5.233,5.117,149629.51,242158.06,164168.32
2017-06-02,5.02,5.22,5.21,5.01,149867.31,0.14,2.76,5.196,5.213,5.11,197693.42,237392.72,161590.2
2017-06-01,5.19,5.25,5.07,5.06,120446,-0.08,-1.55,5.194,5.198,5.105,223660.11,231151.24,157334.18
2017-05-31,5.27,5.29,5.15,5.15,139314,-0.07,-1.34,5.196,5.199,5.108,253379.98,228476.04,153963.03
2017-05-26,5.26,5.34,5.22,5.21,223498.91,-0.11,-2.06,5.24,5.187,5.108,316092.58,219554.47,150504.7
2017-05-25,5.11,5.4,5.33,5.07,355340.88,0.13,2.5,5.296,5.165,5.104,334686.61,203597.7,149197.82
2017-05-24,5,5.3,5.2,4.97,279700.75,0.12,2.36,5.23,5.134,5.101,277092.03,179492.78,134457.64
2017-05-23,5.28,5.35,5.08,5.05,269045.38,-0.29,-5.4,5.202,5.108,5.107,238642.38,159917.56,123360.31
2017-05-22,5.5,5.59,5.37,5.32,452877,-0.13,-2.36,5.202,5.102,5.118,203572.1,147095.87,116110.86
2017-05-19,5,5.5,5.5,4.98,316469.03,0.5,10,5.134,5.055,5.125,123016.35,108399.15,96877.96
2017-05-18,5.01,5.05,5,4.99,67367.98,-0.06,-1.19,5.034,5,5.126,72508.79,86178.58,87064.51
2017-05-17,5.07,5.1,5.06,5.04,87452.5,-0.02,-0.39,5.038,5.007,5.156,81893.52,85787.67,90747.09
2017-05-16,5.03,5.08,5.08,4.98,93694,0.05,0.99,5.014,5.012,5.189,81192.75,83517.12,91132.07
2017-05-15,5.01,5.06,5.03,5,50098.25,0.03,0.6,5.002,5.017,5.226,90619.63,79450.02,92928.13
2017-05-12,5,5.04,5,4.96,63931.24,-0.02,-0.4,4.976,5.029,5.269,93781.94,81454.92,98033.99
2017-05-11,4.92,5.04,5.02,4.87,114291.63,0.08,1.62,4.966,5.043,5.319,99848.36,94797.95,104142.45
2017-05-10,4.99,5.04,4.94,4.92,83948.61,-0.08,-1.59,4.976,5.067,5.367,89681.82,89422.51,109868.98
2017-05-09,4.9,5.08,5.02,4.88,140828.41,0.12,2.45,5.01,5.105,5.418,85841.5,86803.05,116715.55
2017-05-08,4.93,4.97,4.9,4.9,65909.8,-0.05,-1.01,5.032,5.133,5.464,68280.42,85125.85,119161.59
2017-05-05,5.07,5.07,4.95,4.95,94263.33,-0.12,-2.37,5.082,5.194,5.521,69127.91,85356.77,127017.18
2017-05-04,5.1,5.12,5.07,5.05,63458.93,-0.04,-0.78,5.12,5.251,5.577,89747.54,87950.45,139482.71
2017-05-03,5.09,5.14,5.11,5.07,64747.03,-0.02,-0.39,5.158,5.305,5.63,89163.2,95706.52,153891.3
2017-05-02,5.17,5.18,5.13,5.12,53023,-0.02,-0.39,5.2,5.366,5.672,87764.6,98747.01,163110.55
2017-04-28,5.13,5.19,5.15,5.08,70147.24,0.01,0.2,5.234,5.434,5.713,101971.28,106406.24,182289.67
2017-04-27,5.27,5.27,5.14,4.9,197361.48,-0.12,-2.28,5.306,5.509,5.748,101585.64,114613.06,183669.18
2017-04-26,5.34,5.35,5.26,5.25,60537.23,-0.06,-1.13,5.382,5.595,5.786,86153.37,113486.96,178262.61
2017-04-25,5.3,5.38,5.32,5.27,57754.06,0.02,0.38,5.452,5.667,5.817,102249.84,130315.46,179231.57
2017-04-24,5.5,5.51,5.3,5.29,124056.39,-0.21,-3.81,5.532,5.73,5.847,109729.43,146628.04,182832.51
2017-04-21,5.53,5.55,5.51,5.49,68219.05,-0.01,-0.18,5.634,5.794,5.877,110841.2,153197.33,184854.66
2017-04-20,5.6,5.63,5.52,5.47,120200.1,-0.09,-1.6,5.712,5.848,5.9,127640.47,168677.59,190199.15
2017-04-19,5.71,5.71,5.61,5.52,141019.59,-0.11,-1.92,5.808,5.903,5.928,140820.55,191014.97,190150.38
2017-04-18,5.81,5.84,5.72,5.72,95152,-0.09,-1.55,5.882,5.954,5.95,158381.08,212076.08,187737.64
2017-04-17,5.87,5.88,5.81,5.79,129615.24,-0.09,-1.52,5.928,5.977,5.967,183526.65,227474.08,189595.8
2017-04-14,5.98,6.01,5.9,5.88,152215.42,-0.1,-1.67,5.954,5.991,5.98,195553.46,258173.1,187898.52
2017-04-13,5.94,6.07,6,5.92,186100.52,0.02,0.33,5.984,5.986,5.987,209714.72,252725.31,185070.87
2017-04-12,5.94,6.04,5.98,5.87,228822.2,0.03,0.5,5.998,5.976,5.989,241209.38,243038.25,179731.1
2017-04-11,5.95,5.98,5.95,5.81,220879.88,0.01,0.17,6.026,5.966,5.994,265771.09,228147.68,172430.25
2017-04-10,6.05,6.05,5.94,5.93,189749.27,-0.11,-1.82,6.026,5.963,5.999,271421.51,219036.97,165665.08
2017-04-07,6.05,6.09,6.05,6,223021.72,-0.02,-0.33,6.028,5.959,6.005,320792.74,216511.99,162835.97
2017-04-06,6.13,6.16,6.07,6.03,343573.84,-0.05,-0.82,5.988,5.952,6.009,295735.9,211720.71,156043.65
2017-04-05,5.89,6.13,6.12,5.87,351630.72,0.17,2.86,5.954,5.953,6.014,244867.12,189285.78,143304.41
2017-03-31,5.9,6.06,5.95,5.81,249132,0,0,5.906,5.946,6.016,190524.27,163399.2,131107.92
2017-03-30,5.87,6.15,5.95,5.73,436605.44,0.1,1.71,5.9,5.957,6.024,166652.44,151717.53,127025.14
2017-03-29,5.89,5.91,5.85,5.85,97737.5,-0.05,-0.85,5.89,5.969,6.033,112231.24,117623.94,111708.03
2017-03-28,5.88,5.93,5.9,5.85,89229.93,0.02,0.34,5.916,5.987,6.049,127705.51,117416.44,113437.15
2017-03-27,5.92,5.92,5.88,5.87,79916.5,-0.04,-0.68,5.952,6.002,6.064,133704.45,116423.95,115616.84
2017-03-24,5.88,5.94,5.92,5.86,129772.81,0.02,0.34,5.986,6.022,6.079,136274.13,116712.82,120465.24
2017-03-23,5.97,6,5.9,5.85,164499.44,-0.08,-1.34,6.014,6.035,6.097,136782.62,112293.19,119690.82
2017-03-22,6.06,6.06,5.98,5.97,175108.88,-0.1,-1.65,6.048,6.051,6.116,123016.65,109159.95,119084.59
2017-03-21,6.06,6.09,6.08,6.03,119224.61,0.03,0.5,6.058,6.066,6.133,107127.37,100366.6,120456.26
2017-03-20,6.06,6.07,6.05,6.02,92764.93,-0.01,-0.17,6.052,6.074,6.144,99143.46,97323.04,123664.43
2017-03-17,6.08,6.11,6.06,6.05,132315.22,-0.01,-0.17,6.058,6.086,6.155,97151.51,98816.65,128110.87
2017-03-16,6.03,6.08,6.07,6.03,95669.62,0.04,0.66,6.056,6.09,6.163,87803.77,102332.75,131075.19
2017-03-15,6.04,6.05,6.03,6,95662.46,-0.02,-0.33,6.054,6.096,6.174,95303.25,105792.12,138307.24
2017-03-14,6.07,6.09,6.05,6.04,79305.07,-0.03,-0.49,6.074,6.111,6.186,93605.83,109457.86,155637.82
2017-03-13,6.05,6.09,6.08,6.01,82805.19,0.03,0.5,6.096,6.125,6.194,95502.62,114809.72,160512.16
2017-03-10,6.06,6.09,6.05,6.03,85576.5,-0.01,-0.17,6.114,6.136,6.203,100481.78,124217.65,163385.74
2017-03-09,6.13,6.13,6.06,6.04,133167.03,-0.07,-1.14,6.124,6.159,6.213,116861.73,127088.44,167510.69
2017-03-08,6.18,6.18,6.13,6.11,87175.36,-0.03,-0.49,6.138,6.18,6.221,116280.99,129009.24,167433.95
2017-03-07,6.17,6.18,6.16,6.12,88789.01,-0.01,-0.16,6.148,6.2,6.226,125309.9,140545.92,169896.55
2017-03-06,6.12,6.18,6.17,6.1,107700.99,0.07,1.15,6.154,6.214,6.227,134116.82,150005.82,170855.47
2017-03-03,6.11,6.13,6.1,6.05,167476.27,-0.03,-0.49,6.158,6.224,6.226,147953.52,157405.1,170791.65
2017-03-02,6.18,6.21,6.13,6.12,130263.3,-0.05,-0.81,6.194,6.236,6.226,137315.14,159817.62,165596.97
2017-03-01,6.21,6.21,6.18,6.17,132319.91,-0.01,-0.16,6.222,6.251,6.224,141737.49,170822.37,165060.98
2017-02-28,6.2,6.22,6.19,6.14,132823.61,0,0,6.252,6.261,6.22,155781.95,201817.79,163236.09
2017-02-27,6.29,6.33,6.19,6.17,176884.5,-0.09,-1.43,6.274,6.263,6.217,165894.83,206214.59,160353.06
2017-02-24,6.27,6.29,6.28,6.23,114284.4,0.01,0.16,6.29,6.269,6.215,166856.67,202553.82,157042.45
2017-02-23,6.33,6.33,6.27,6.24,152375.03,-0.06,-0.95,6.278,6.267,6.207,182320.1,207932.94,156508.68
2017-02-22,6.31,6.39,6.33,6.29,202542.2,0.03,0.48,6.28,6.262,6.196,199907.24,205858.66,154501.81
2017-02-21,6.26,6.3,6.3,6.25,183388,0.03,0.48,6.27,6.252,6.186,247853.62,199247.17,149792.39
2017-02-20,6.2,6.27,6.27,6.19,181693.73,0.05,0.8,6.252,6.239,6.18,246534.36,191705.12,149016.52
2017-02-17,6.27,6.32,6.22,6.21,191601.52,-0.06,-0.95,6.248,6.227,6.173,238250.97,184178.2,155152.43
2017-02-16,6.24,6.3,6.28,6.19,240310.77,0,0,6.256,6.215,6.184,233545.79,171376.32,153711.02
2017-02-15,6.22,6.5,6.28,6.16,442274.09,0.07,1.13,6.244,6.196,6.193,211810.07,159299.6,151945.71
2017-02-14,6.25,6.27,6.21,6.18,176791.69,-0.04,-0.64,6.234,6.178,6.207,150640.73,124654.4,144160.57
2017-02-13,6.23,6.25,6.25,6.2,140276.8,-0.01,-0.16,6.226,6.17,6.229,136875.88,114491.53,152671.13
2017-02-10,6.21,6.26,6.26,6.21,168075.59,0.04,0.64,6.206,6.161,6.256,130105.43,111531.09,171557.57
2017-02-09,6.21,6.23,6.22,6.19,131632.17,-0.01,-0.16,6.174,6.146,6.276,109206.84,105084.42,185202.41
2017-02-08,6.15,6.24,6.23,6.15,136427.38,0.06,0.97,6.148,6.13,6.295,106789.14,103144.97,196070.29
2017-02-07,6.14,6.19,6.17,6.12,107967.44,0.02,0.33,6.122,6.12,6.311,98668.08,100337.61,204165.66
2017-02-06,6.1,6.15,6.15,6.07,106424.59,0.05,0.82,6.114,6.12,6.33,92107.19,106327.93,220390.22
2017-02-03,6.09,6.12,6.1,6.07,63582.63,0.01,0.16,6.116,6.119,6.351,92956.74,126126.65,240731.17
2017-01-26,6.08,6.11,6.09,6.05,119543.64,-0.01,-0.16,6.118,6.153,6.387,100961.99,136045.73,252224.13
2017-01-25,6.12,6.15,6.1,6.09,95822.09,-0.03,-0.49,6.112,6.19,6.424,99500.81,144591.82,271002.2
2017-01-24,6.17,6.19,6.13,6.13,75163,-0.03,-0.49,6.118,6.235,6.465,102007.14,163666.73,297593.84
2017-01-23,6.1,6.19,6.16,6.09,110672.32,0.05,0.82,6.126,6.287,6.511,120548.66,190850.73,350790.28
2017-01-20,6.06,6.13,6.11,6.02,103608.9,0.05,0.82,6.122,6.351,6.542,159296.57,231584.06,382756.84
2017-01-19,6.09,6.11,6.06,5.99,112237.73,-0.07,-1.14,6.188,6.405,6.572,171129.47,265320.4,408415.69
2017-01-18,6.16,6.18,6.13,6.1,108353.74,-0.04,-0.65,6.268,6.459,6.605,189682.84,288995.61,435329.8
2017-01-17,6.1,6.19,6.17,5.99,167870.62,0.03,0.49,6.352,6.502,6.624,225326.33,307993.72,443893.26
2017-01-16,6.42,6.47,6.14,5.86,304411.84,-0.3,-4.66,6.448,6.539,6.641,261152.8,334452.51,457898.51
2017-01-13,6.46,6.54,6.44,6.41,162773.41,-0.02,-0.31,6.58,6.582,6.665,303871.56,355335.68,483817.05
2017-01-12,6.54,6.58,6.46,6.45,205004.58,-0.09,-1.37,6.622,6.621,6.679,359511.33,368402.54,511731.19
2017-01-11,6.61,6.72,6.55,6.53,286571.19,-0.1,-1.5,6.65,6.658,6.684,388308.38,397412.59,535396.83
2017-01-10,6.75,6.85,6.65,6.65,347003,-0.15,-2.21,6.652,6.695,6.691,390661.11,431520.94,568149.23
2017-01-09,6.64,6.83,6.8,6.53,518005.62,0.15,2.26,6.63,6.735,6.678,407752.22,510729.83,572294.76
2017-01-06,6.58,6.77,6.65,6.56,440972.28,0.05,0.76,6.584,6.733,6.662,406799.8,533929.61,562875.97
2017-01-05,6.55,6.63,6.6,6.51,348989.81,0.04,0.61,6.62,6.738,6.654,377293.74,551510.98,559291.52
2017-01-04,6.52,6.6,6.56,6.46,298334.84,0.02,0.31,6.666,6.75,6.651,406516.79,581663.99,567054.86
2017-01-03,6.5,6.55,6.54,6.43,432458.56,-0.03,-0.46,6.738,6.745,6.644,472380.77,579792.8,571901.24
2016-12-30,6.83,6.95,6.57,6.56,513243.53,-0.26,-3.81,6.84,6.742,6.644,613707.44,581344.5,588478.75
2016-12-29,6.81,6.86,6.83,6.77,293441.94,0,0,6.882,6.748,6.636,661059.42,612298.41,591851.77
2016-12-28,6.91,6.92,6.83,6.76,495105.09,-0.09,-1.3,6.856,6.736,6.612,725728.23,655059.84,605916.8
2016-12-27,6.98,7.04,6.92,6.89,627654.75,-0.13,-1.84,6.834,6.71,6.58,756811.19,673381.07,601478.21
2016-12-26,6.75,7.15,7.05,6.72,1139091.88,0.27,3.98,6.752,6.686,6.544,687204.82,704777.51,584868.2
2016-12-23,6.74,6.92,6.78,6.63,750003.44,0.08,1.19,6.644,6.62,6.5,548981.57,633859.7,536335.14
2016-12-22,6.66,6.85,6.7,6.65,616786,-0.02,-0.3,6.614,6.59,6.471,563537.41,591822.34,508470.48
2016-12-21,6.54,6.79,6.72,6.48,650519.88,0.21,3.23,6.616,6.569,6.445,584391.44,567072.06,488080.44
2016-12-20,6.48,6.58,6.51,6.46,279622.91,0,0,6.586,6.552,6.419,589950.94,552445.73,468608.79
2016-12-19,6.58,6.69,6.51,6.5,447975.62,-0.12,-1.81,6.62,6.543,6.408,722350.2,564009.68,469449.03
2016-12-16,6.7,6.94,6.63,6.61,822782.62,-0.08,-1.19,6.596,6.546,6.397,718737.83,595613,463606.65
2016-12-15,6.53,6.85,6.71,6.51,721056.19,0.14,2.13,6.566,6.523,6.376,620107.26,571405.12,432014.93
2016-12-14,6.59,6.78,6.57,6.57,678317.38,-0.11,-1.65,6.522,6.487,6.354,549752.68,556773.76,408468.58
2016-12-13,6.34,6.85,6.68,6.26,941619.19,0.29,4.54,6.518,6.45,6.338,514940.51,529575.35,390011.39
2016-12-12,6.48,6.48,6.39,6.25,429913.75,-0.09,-1.39,6.466,6.402,6.315,405669.16,464958.88,353311.98
2016-12-09,6.45,6.52,6.48,6.36,329629.81,-0.01,-0.15,6.496,6.38,6.307,472488.18,438810.59,345495.01
2016-12-08,6.51,6.54,6.49,6.43,369283.25,-0.06,-0.92,6.48,6.351,6.291,522702.98,425118.63,343141.76
2016-12-07,6.4,6.55,6.55,6.3,504256.56,0.13,2.02,6.452,6.321,6.272,563794.84,409088.82,333820.1
2016-12-06,6.48,6.52,6.42,6.4,395262.41,-0.12,-1.83,6.382,6.286,6.246,544210.19,384771.86,317351.56
2016-12-05,6.31,6.56,6.54,6.28,764008.88,0.14,2.19,6.338,6.273,6.23,524248.61,374888.39,304949.41
2016-12-02,6.4,6.44,6.4,6.22,580703.81,0.05,0.79,6.264,6.248,6.208,405132.99,331600.29,276267.22
2016-12-01,6.16,6.38,6.35,6.14,574742.56,0.15,2.42,6.222,6.228,6.193,327534.28,292624.74,261630.76
2016-11-30,6.27,6.33,6.2,6.18,406333.31,0,0,6.19,6.221,6.186,254382.8,260163.4,260208.55
2016-11-29,6.16,6.25,6.2,6.12,295454.47,0.03,0.49,6.19,6.225,6.179,225333.52,250447.43,247958.23
2016-11-28,6.18,6.2,6.17,6.12,168430.81,-0.02,-0.32,6.208,6.227,6.174,225528.17,241665.09,247776.85
2016-11-25,6.2,6.2,6.19,6.05,192710.23,0,0,6.232,6.233,6.179,258067.59,252179.43,245598.55
2016-11-24,6.19,6.24,6.19,6.13,208985.16,-0.01,-0.16,6.234,6.23,6.182,257715.2,261164.9,245873.67
2016-11-23,6.28,6.29,6.2,6.19,261086.92,-0.09,-1.43,6.252,6.223,6.187,265944.01,258551.39,244432.98
2016-11-22,6.27,6.32,6.29,6.23,296427.75,0,0,6.26,6.206,6.193,275561.33,249931.26,243310.85
2016-11-21,6.17,6.34,6.29,6.16,331127.88,0.09,1.45,6.246,6.187,6.193,257802,235010.44,239080.63
2016-11-18,6.29,6.3,6.2,6.2,190948.31,-0.08,-1.27,6.234,6.167,6.195,246291.28,220934.14,233599.2
2016-11-17,6.21,6.3,6.28,6.2,250129.2,0.04,0.64,6.226,6.157,6.207,264614.6,230636.78,247308.71
2016-11-16,6.22,6.34,6.24,6.18,309173.53,0.02,0.32,6.194,6.15,6.209,251158.77,260253.69,251304.49
2016-11-15,6.24,6.27,6.22,6.19,207631.09,-0.01,-0.16,6.152,6.132,6.207,224301.18,245469.04,246989.7
2016-11-14,6.15,6.25,6.23,6.13,273574.25,0.07,1.14,6.128,6.121,6.211,212218.87,253888.6,252710.37
2016-11-11,6.1,6.17,6.16,6.1,282564.91,0.04,0.65,6.1,6.125,6.215,195577,239017.68,252116.69
2016-11-10,6.06,6.13,6.12,6.06,182850.05,0.09,1.49,6.088,6.134,6.22,196658.97,230582.43,262154
2016-11-09,6.1,6.1,6.03,5.98,174885.59,-0.07,-1.15,6.106,6.15,6.232,269348.61,230314.57,264330
2016-11-08,6.1,6.13,6.1,6.07,147219.55,0.01,0.16,6.112,6.179,6.247,266636.9,236690.44,273302.85
2016-11-07,6.1,6.12,6.09,6.03,190364.92,-0.01,-0.16,6.114,6.198,6.261,295558.34,243150.82,285464.95
2016-11-04,6.17,6.2,6.1,6.06,287974.72,-0.11,-1.77,6.15,6.223,6.273,282458.35,246264.25,294861.12
2016-11-03,6.28,6.44,6.21,6.16,546298.25,0.15,2.48,6.18,6.256,6.298,264505.89,263980.64,295356.71
2016-11-02,6.12,6.12,6.06,6,161327.05,-0.06,-0.98,6.194,6.268,6.316,191280.54,242355.29,285754.14
2016-10-28,6.26,6.27,6.11,6.1,291826.75,-0.16,-2.55,6.246,6.281,6.345,206743.98,248510.36,302230.22
2016-10-27,6.24,6.28,6.27,6.21,124864.97,0.02,0.32,6.282,6.301,6.357,190743.29,251532.14,302777.77
2016-10-26,6.26,6.3,6.25,6.21,198212.45,-0.03,-0.48,6.296,6.304,6.362,210070.16,265215.71,312661.81
2016-10-25,6.31,6.31,6.28,6.22,180171.48,-0.04,-0.63,6.332,6.305,6.369,263455.38,293725.56,319394.13
2016-10-24,6.32,6.39,6.32,6.25,238644.23,0.03,0.48,6.342,6.314,6.374,293430.04,298345.42,328095.54
2016-10-21,6.33,6.36,6.29,6.25,211823.33,-0.05,-0.79,6.316,6.314,6.378,290276.75,309915.26,334058.96
2016-10-20,6.4,6.42,6.34,6.33,221499.31,-0.09,-1.4,6.32,6.323,6.384,312320.98,327779.09,342790.08
2016-10-19,6.36,6.47,6.43,6.34,465138.53,0.1,1.58,6.312,6.322,6.388,320361.26,343458,352120.14
2016-10-18,6.18,6.42,6.33,6.18,330044.81,0.14,2.26,6.278,6.339,6.384,323995.74,326732.78,342701.94
2016-10-17,6.3,6.3,6.19,6.18,222877.77,-0.12,-1.9,6.286,6.363,6.389,303260.79,329152.98,343852.59
2016-10-14,6.35,6.39,6.31,6.26,322044.47,0.01,0.16,6.312,6.409,6.409,329553.76,355950.07,355950.07
2016-10-13,6.21,6.3,6.3,6.17,261700.7,0.04,0.64,6.326,6.42,6.42,343237.21,359717.36,359717.36
2016-10-12,6.36,6.36,6.26,6.15,483310.97,-0.11,-1.73,6.332,6.435,6.435,366554.73,371969.44,371969.44
2016-10-11,6.32,6.37,6.37,6.29,226370.05,0.05,0.79,6.4,6.46,6.46,329469.81,356063.51,356063.51
2016-10-10,6.4,6.42,6.32,6.19,354342.62,-0.06,-0.94,6.44,6.475,6.475,355045.17,377679.08,377679.08
2016-09-30,6.34,6.42,6.38,6.22,390461.69,0.05,0.79,6.506,6.506,6.506,382346.37,382346.37,382346.37
2016-09-29,6.59,6.65,6.33,6.32,378288.34,-0.27,-4.09,6.538,6.538,6.538,380317.55,380317.55,380317.55
2016-09-28,6.55,6.66,6.6,6.47,297886.34,0.03,0.46,6.607,6.607,6.607,380993.95,380993.95,380993.95
2016-09-27,6.52,6.65,6.57,6.41,354246.88,-0.08,-1.2,6.61,6.61,6.61,422547.75,422547.75,422547.75
2016-09-26,6.69,6.7,6.65,6.43,490848.62,0.07,1.06,6.65,6.65,6.65,490848.62,490848.62,490848.62
